<?xml version="1.0" encoding="UTF-8"?>
<project xsi:schemaLocation="http://maven.apache.org/POM/4.0.0 http://maven.apache.org/xsd/maven-4.0.0.xsd" xmlns="http://maven.apache.org/POM/4.0.0"
    xmlns:xsi="http://www.w3.org/2001/XMLSchema-instance">
  <modelVersion>4.0.0</modelVersion>
  <groupId>com.temenos</groupId>
  <artifactId>Origination</artifactId>
  <version>23.0.5-SNAPSHOT</version>
  <packaging>kjar</packaging>
  <name>Origination</name>
  <description>Process, Decision and case management for Origination app.</description>
  <properties>
    <gson.version>2.8.2.redhat-5</gson.version>
    <maven.compiler.source>1.8</maven.compiler.source>
    <maven.compiler.target>1.8</maven.compiler.target>
  </properties>
  <dependencies>
    <dependency>
      <groupId>org.kie</groupId>
      <artifactId>kie-api</artifactId>
      <version>7.44.0.Final-redhat-00003</version>
      <scope>provided</scope>
    </dependency>
    <dependency>
      <groupId>org.kie</groupId>
      <artifactId>kie-internal</artifactId>
      <version>7.44.0.Final-redhat-00003</version>
      <scope>provided</scope>
    </dependency>
    <dependency>
      <groupId>org.optaplanner</groupId>
      <artifactId>optaplanner-core</artifactId>
      <version>7.44.0.Final-redhat-00003</version>
      <scope>provided</scope>
    </dependency>
    <dependency>
      <groupId>org.optaplanner</groupId>
      <artifactId>optaplanner-persistence-jaxb</artifactId>
      <version>7.44.0.Final-redhat-00003</version>
      <scope>provided</scope>
    </dependency>
    <dependency>
      <groupId>junit</groupId>
      <artifactId>junit</artifactId>
      <version>4.12</version>
      <scope>test</scope>
    </dependency>
    <dependency>
      <groupId>com.thoughtworks.xstream</groupId>
      <artifactId>xstream</artifactId>
      <version>1.4.11.1-redhat-00001</version>
      <scope>test</scope>
    </dependency>
    <dependency>
      <groupId>com.temenos.infinity</groupId>
      <artifactId>OriginationWorkItem</artifactId>
      <version>23.0.5-SNAPSHOT</version>
    </dependency>
    <dependency>
      <groupId>com.google.code.gson</groupId>
      <artifactId>gson</artifactId>
      <version>${gson.version}</version>
    </dependency>
  </dependencies>
  <repositories>
    <repository>
      <id>redhat-ga</id>
      <url>http://maven.repository.redhat.com/ga/</url>
    </repository>
  </repositories>
  <pluginRepositories>
    <pluginRepository>
      <releases>
        <enabled>true</enabled>
      </releases>
      <snapshots>
        <enabled>false</enabled>
      </snapshots>
      <id>redhat-ga</id>
      <url>http://maven.repository.redhat.com/ga/</url>
    </pluginRepository>
  </pluginRepositories>
  <build>
    <plugins>
      <plugin>
        <groupId>org.kie</groupId>
        <artifactId>kie-maven-plugin</artifactId>
        <version>7.44.0.Final-redhat-00003</version>
        <extensions>true</extensions>
      </plugin>
    </plugins>
  </build>
  <distributionManagement>
	<repository>
		<id>nexus-t24</id>
		<name>T24 Releases</name>
		<url>http://maven.temenosgroup.com/content/repositories/t24-releases</url>
	</repository>
	<snapshotRepository>
		<id>nexus-t24</id>
		<name>T24 Snapshots</name>
		<url>http://maven.temenosgroup.com/content/repositories/t24-snapshots</url>
	</snapshotRepository>
  </distributionManagement>
</project>
